order_id,label,res_name,num_of_items,item_cost_total,other_costs_total,discount_total,bill_cost,datetime
1623350674,Zomato,Brundhavana Food Point,2,220.0,25.0,-86.0,159.0,"Sat, 29 Jun 2019 20:06:18"
1409530399,Zomato,The Good Bowl,2,390.71,39.28,-115.71,314.28,"Wed, 19 Jun 2019 12:30:17"
1110404778,Zomato,The Good Bowl,1,162.14,30.5,-62.86,129.78,"Fri, 14 Jun 2019 21:18:44"
1083769730,Zomato,Recipe,2,210.0,32.6,-80.0,162.6,"Thu, 13 Jun 2019 13:32:54"
1685044666,Zomato,The Good Bowl,1,167.14,27.86,-62.86,132.14,"Tue, 11 Jun 2019 14:02:53"
1457350231,Zomato,Szechuan Dragon,2,310.0,16.25,-100.0,226.25,"Sun, 09 Jun 2019 13:17:53"
1650464884,Zomato,The Good Bowl,1,238.57,36.82,-117.14,158.25,"Thu, 06 Jun 2019 21:09:21"
1125775270,Zomato,The Good Bowl,1,238.57,36.42,-42.86,232.13,"Tue, 04 Jun 2019 20:00:51"
1657113262,Zomato,The Good Bowl,2,395.71,43.94,-142.71,296.94,"Sun, 26 May 2019 20:32:12"
1584398973,Zomato,Sindhoora Gardenia,2,440.0,51.74,-159.0,332.74,"Sun, 26 May 2019 14:20:03"
1469308736,Zomato,The Good Bowl,1,152.38,29.16,-69.95,111.59,"Fri, 24 May 2019 20:47:18"
1535813231,Zomato,The Good Bowl,2,385.71,40.94,-142.71,283.94,"Mon, 20 May 2019 20:30:58"
1252557750,Zomato,Brundhavana Food Point,2,215.0,23.0,-86.0,152.0,"Sun, 19 May 2019 20:12:54"
1502099524,Zomato,Smacznego,2,246.0,38.49,-98.4,186.09,"Thu, 25 Apr 2019 21:02:20"
1197959745,Zomato,Bengaluru Coffee House,2,275.0,20.0,-100.0,195.0,"Wed, 10 Apr 2019 19:17:23"
1148717231,Zomato,@Italy,4,730.0,68.0,-180.0,618.0,"Sun, 07 Apr 2019 21:00:40"
1337627508,Zomato,Recipe,2,210.0,29.69,-92.0,147.69,"Sun, 07 Apr 2019 13:26:46"
1029834022,Zomato,Recipe,2,200.0,29.23,-87.0,142.23,"Fri, 05 Apr 2019 12:59:16"
1506427665,Zomato,Smacznego,2,246.0,32.6,-100.0,178.6,"Fri, 22 Mar 2019 13:32:18"
1472994872,Zomato,Empire Restaurant,3,357.15,36.61,-100.0,293.76,"Wed, 20 Mar 2019 19:16:21"
1251424190,Zomato,Onesta,2,268.0,40.54,-74.4,234.14,"Sun, 17 Mar 2019 13:53:23"
1676992789,Zomato,Bengaluru Coffee House,1,120.0,30.0,-60.0,90.0,"Thu, 14 Mar 2019 21:05:30"
1165487839,Zomato,Recipe,3,270.0,32.88,-116.0,186.88,"Sat, 09 Mar 2019 20:03:49"
1154617851,Zomato,XO Belgian Waffle,1,143.33,34.66,-66.67,111.32,"Sat, 09 Mar 2019 19:39:33"
1650154673,Zomato,Recipe,3,325.0,36.03,-121.0,240.03,"Sat, 02 Mar 2019 21:01:59"
1044963239,Zomato,Smacznego,2,247.0,37.2,-100.0,184.2,"Thu, 28 Feb 2019 19:53:52"
1599634089,Zomato,The Good Bowl,2,476.19,39.04,-195.24,319.99,"Mon, 25 Feb 2019 19:43:49"
1376277176,Zomato,Recipe,3,190.0,28.68,-104.0,114.68,"Sun, 24 Feb 2019 14:37:15"
1170156500,Zomato,Bengaluru Coffee House,2,130.0,30.0,-65.0,95.0,"Sun, 24 Feb 2019 14:21:14"
1413273923,Zomato,Smacznego,3,390.0,51.0,-100.0,341.0,"Wed, 20 Feb 2019 19:47:07"
1444518144,Zomato,The Good Bowl,2,429.53,40.48,-100.0,370.01,"Tue, 19 Feb 2019 20:51:02"
1104738582,Zomato,Recipe,2,170.0,27.77,-93.0,104.77,"Mon, 18 Feb 2019 20:33:52"
1030914177,Zomato,Thamboola,2,530.0,20.0,-178.0,372.0,"Mon, 11 Feb 2019 20:00:56"
1216506140,Zomato,Brundhavana Food Point,2,195.0,20.0,0,215.0,"Sat, 12 Jan 2019 13:30:49"
1286239187,Zomato,Brundhavana Food Point,2,220.0,20.0,0,240.0,"Tue, 08 Jan 2019 20:12:23"
1441985619,Zomato,Brundhavana Food Point,2,185.0,15.0,0,200.0,"Tue, 01 Jan 2019 13:20:34"
1568660820,Zomato,Brundhavana Food Point,2,240.0,20.0,0,260.0,"Tue, 18 Dec 2018 14:36:46"
1460263140,Zomato,Brundhavana Food Point,2,220.0,20.0,0,240.0,"Fri, 14 Dec 2018 13:01:14"
1328698943,Zomato,Recipe,3,215.0,13.65,0,228.65,"Mon, 19 Nov 2018 13:49:30"
1557393482,Zomato,Ayodhya Upachar,1,150.0,9.4,-36.0,123.4,"Wed, 07 Nov 2018 20:20:55"
1358318960,Zomato,Ayodhya Upachar,2,238.0,12.0,-47.6,202.4,"Tue, 06 Nov 2018 20:01:51"
1058752909,Zomato,Recipe,3,230.0,12.88,-46.0,196.88,"Tue, 30 Oct 2018 12:58:41"
1465040025,Zomato,Recipe,4,350.0,22.05,-35.0,337.05,"Thu, 25 Oct 2018 19:45:16"
1094608758,Zomato,@Italy,2,410.0,20.0,0,430.0,"Fri, 19 Oct 2018 19:41:43"
1539829250,Zomato,Recipe,3,230.0,14.49,-23.0,221.49,"Mon, 15 Oct 2018 22:17:06"
1664610758,Zomato,Recipe,3,230.0,16.1,0,246.1,"Thu, 27 Sep 2018 20:03:45"
1234897357,Zomato,Behrouz Biryani,1,276.21,38.82,-100.0,215.03,"Sat, 22 Sep 2018 22:08:53"
1109068527,Zomato,Recipe,3,220.0,12.32,-44.0,188.32,"Thu, 20 Sep 2018 19:53:13"
1663275377,Zomato,Recipe,3,230.0,13.69,-34.5,209.19,"Thu, 13 Sep 2018 18:19:33"
1680923626,Zomato,Recipe,3,230.0,16.1,0,246.1,"Sat, 08 Sep 2018 20:25:55"
1563367799,Zomato,Recipe,3,230.0,16.1,0,246.1,"Wed, 05 Sep 2018 20:21:03"
1365471161,Zomato,Smacznego,2,239.0,31.07,0,270.07,"Sun, 02 Sep 2018 19:36:49"
1169098324,Zomato,Recipe,3,220.0,15.4,0,235.4,"Sun, 26 Aug 2018 19:35:18"
1536520519,Zomato,Recipe,3,220.0,15.4,0,235.4,"Sat, 25 Aug 2018 20:30:50"
1433860656,Zomato,Recipe,3,195.0,13.65,0,208.65,"Thu, 23 Aug 2018 20:03:42"
1232749674,Zomato,Hara Fine Dine,1,125.0,12.81,0,137.81,"Sat, 18 Aug 2018 15:02:45"
1273845380,Zomato,Recipe,2,180.0,11.34,-18.0,173.34,"Tue, 14 Aug 2018 13:00:40"
1569461839,Zomato,Hara Fine Dine,3,545.0,55.86,0,600.86,"Thu, 02 Aug 2018 20:30:27"
1622068986,Zomato,@Italy,3,585.0,15.0,0,600.0,"Sat, 21 Jul 2018 21:28:07"
1397120453,Zomato,Recipe,3,350.0,20.83,-52.5,318.33,"Thu, 19 Jul 2018 13:18:13"
1293847222,Zomato,Ayodhya Upachar,2,255.0,25.5,0,280.5,"Wed, 11 Jul 2018 21:02:38"
1210541981,Zomato,Recipe,2,205.0,0,0,205.0,"Sat, 07 Jul 2018 21:26:41"
1462001303,Zomato,Spice Elephant,3,450.0,37.5,0,487.5,"Sat, 07 Jul 2018 14:32:35"
1336075353,Zomato,Recipe,4,280.0,0,-42.0,238.0,"Tue, 26 Jun 2018 20:15:43"
1187988011,Zomato,Spice Elephant,1,345.0,32.25,0,377.25,"Tue, 19 Jun 2018 13:37:17"
1447296665,Zomato,Just Shawarma,2,235.0,75.0,0,310.0,"Mon, 18 Jun 2018 20:43:18"
1649735189,Zomato,@Italy,2,440.0,10.0,-44.0,406.0,"Wed, 06 Jun 2018 21:01:07"
1072019611,Zomato,Just Shawarma,1,110.0,35.0,0,145.0,"Mon, 04 Jun 2018 19:37:05"
1297720393,Zomato,Spice Elephant,2,440.0,42.0,0,482.0,"Thu, 31 May 2018 20:41:03"
1316187419,Zomato,Spice Elephant,2,440.0,42.0,0,482.0,"Fri, 11 May 2018 15:48:46"
1372346541,Zomato,BOX8- Desi Meals,1,178.0,37.9,0,215.9,"Tue, 08 May 2018 22:50:09"
1163670253,Zomato,Spice Elephant,2,440.0,42.0,0,482.0,"Mon, 23 Apr 2018 22:02:11"
1627865243,Zomato,BOX8- Desi Meals,1,188.0,38.4,0,226.4,"Fri, 13 Apr 2018 23:09:58"
1293066558,Zomato,FreshMenu,1,200.0,10.0,0,210.0,"Mon, 09 Apr 2018 16:03:45"
1264289658,Zomato,BOX8- Desi Meals,1,238.0,40.9,0,278.9,"Fri, 06 Apr 2018 23:05:49"
1677239104,Zomato,Recipe,1,100.0,0,0,100.0,"Thu, 05 Apr 2018 23:12:07"
1618231013,Zomato,Recipe,3,210.0,0,-21.0,189.0,"Tue, 03 Apr 2018 23:08:09"
1469744532,Zomato,@Italy,3,600.0,15.0,-60.0,555.0,"Sat, 31 Mar 2018 22:05:35"
1297139375,Zomato,Recipe,2,180.0,0,0,180.0,"Fri, 16 Mar 2018 00:07:56"
1264148268,Zomato,Recipe,3,250.0,0,-25.0,225.0,"Fri, 09 Feb 2018 22:04:29"
1611028381,Zomato,BOX8- Desi Meals,1,148.0,36.4,0,184.4,"Sun, 04 Feb 2018 22:13:23"
1092339877,Zomato,Recipe,3,340.0,49.04,-68.0,321.04,"Thu, 01 Feb 2018 00:02:30"
1155309729,Zomato,Recipe,2,210.0,41.76,-42.0,209.76,"Fri, 26 Jan 2018 23:04:15"
1666944503,Zomato,Recipe,2,230.0,42.88,-46.0,226.88,"Wed, 24 Jan 2018 00:10:34"
1038494490,Zomato,BOX8- Desi Meals,1,178.0,37.9,0,215.9,"Fri, 19 Jan 2018 22:00:50"
1614913426,Zomato,Recipe,3,240.0,43.44,-48.0,235.44,"Wed, 17 Jan 2018 23:10:58"
1645937286,Zomato,Recipe,3,260.0,44.56,-52.0,252.56,"Thu, 11 Jan 2018 23:15:00"
1666726709,Zomato,BOX8- Desi Meals,1,148.0,36.4,0,184.4,"Fri, 05 Jan 2018 22:12:32"
1266288301,Zomato,BOX8- Desi Meals,2,386.0,45.4,-57.9,373.5,"Sat, 30 Dec 2017 22:04:02"
1300635962,Zomato,@Italy,2,440.0,49.8,-44.0,445.8,"Sat, 23 Dec 2017 22:04:20"
1182695522,Zomato,BOX8- Desi Meals,2,366.0,43.64,-73.2,336.44,"Thu, 21 Dec 2017 22:02:46"
1219582124,Zomato,@Italy,2,450.0,52.5,0,502.5,"Mon, 11 Dec 2017 23:04:40"
1042440844,Zomato,BOX8- Desi Meals,1,218.0,39.9,0,257.9,"Thu, 07 Dec 2017 22:01:43"
1551235447,Zomato,Recipe,2,130.0,39.1,0,169.1,"Tue, 05 Dec 2017 23:27:00"
1471030599,Zomato,BOX8- Desi Meals,2,466.0,49.98,-46.6,469.38,"Mon, 04 Dec 2017 21:17:17"
1449862737,Zomato,@Italy,2,410.0,50.5,0,460.5,"Sat, 02 Dec 2017 22:06:42"
1247250266,Zomato,BOX8- Desi Meals,2,346.0,66.36,-34.6,377.76,"Fri, 10 Nov 2017 22:04:09"
42304585,Zomato,Box8- Desi Meals,2,336.0,59.24,-84.0,311.24,"Wed, 01 Nov 2017 22:03:39"
41828241,Zomato,Box8- Desi Meals,2,426.0,67.34,-106.5,386.84,"Sat, 28 Oct 2017 22:11:20"
41038217,Zomato,Woodee Pizza,3,570.0,40.0,-57.0,553.0,"Sat, 21 Oct 2017 22:20:41"
39264512,Zomato,Woodee Pizza,3,395.0,40.0,0,435.0,"Fri, 06 Oct 2017 23:33:39"
38691100,Zomato,Ivy,2,245.0,40.0,0,285.0,"Mon, 02 Oct 2017 00:47:28"
38417309,Zomato,@Italy,3,560.0,58.0,0,618.0,"Sat, 30 Sep 2017 00:01:25"
37692378,Zomato,BOX8 - Desi Meals,2,386.0,63.74,-96.5,353.24,"Sat, 23 Sep 2017 15:31:27"
37414532,Zomato,BOX8 - Desi Meals,1,228.0,56.36,0,284.36,"Wed, 20 Sep 2017 23:12:32"
36230324,Zomato,@Italy,2,400.0,50.0,0,450.0,"Sun, 10 Sep 2017 15:07:41"
35503103,Zomato,Box8,2,326.0,68.12,0,394.12,"Sun, 03 Sep 2017 22:06:02"
